<?xml version="1.0" encoding="utf-8"?>
<!DOCTYPE hibernate-configuration PUBLIC
"-//Hibernate/Hibernate Configuration DTD 3.0//EN"
"http://www.hibernate.org/dtd/hibernate-configuration-3.0.dtd">
 
<hibernate-configuration>
<session-factory>
<property name="hibernate.connection.driver_class">com.mysql.jdbc.Driver</property>
<property name="hibernate.connection.url">jdbc:mysql://127.0.0.1:3306/carserviceschicago</property>
<property name="hibernate.connection.username">vaish</property>
<property name="hibernate.connection.password">root123</property>
<property name="hibernate.dialect">org.hibernate.dialect.MySQLDialect</property>
<property name="show_sql">true</property>
<property name="format_sql">true</property>
<property name="hbm2ddl.auto">create </property>
  <mapping resource="student.hbm.xml" /><!-- This is for without annotation -->
<!-- <mapping class="model.Provider"/> -->
</session-factory>
</hibernate-configuration>