<?xml version="1.0" encoding="UTF-8"?>
<!DOCTYPE hibernate-mapping PUBLIC "-//Hibernate/Hibernate Mapping DTD 3.0//EN" "http://hibernate.sourceforge.net/hibernate-mapping-3.0.dtd">
<hibernate-mapping>
<class name="model.Provider" table="Providerdetails">
<id column="providerId" name="providerId" >
<generator class="increment"></generator>  </id>
<property column="zipCode" name="zipCode" type="string" />
<property column="carName" name="carName" type="string" />
</class>

<class name="model.Login" table="login">
<id column="Customerid" name="Customerid" type="string">
</id>
<property column="CustomerTitle" name="CustomerTitle" type="string" />
<property column="CustomerFirstName" name="CustomerFirstName" type="string" />
<property column="CustomerLastName" name="CustomerLastName" type="string" />
<property column="pWord" name="pWord" type="string"/>
<property column="userType" name="userType" type="string"/>
<property column="emailID" name="emailID" type="string"/>
<property column="username" name="username" type="string"/>
</class>

<class name="model.GenerateOtp" table="Otp">
<id column="Id" name="Id" type="string" >  </id>
<property column="OTP" name="OTP" type="string" />
<property column="emailId" name="emailId" type="string" />
</class>
</hibernate-mapping>